PWM,Current (mA)
0,0.537109375
64,0.537109375
128,14.50195313
192,52.09960937
256,68.75
320,99.90234375
384,157.3730469
448,209.4726563
512,287.3535156
576,355.0292969
640,469.9707031
704,587.5976563
768,684.8144531
832,815.3320313
896,964.1113281
960,1090.332031
1024,1234.814453
